Products,Australian dollar,Canadian dollar,Euro,Japanese yen,Pound sterling,Swiss franc,US dollar
Patinete el√©ctrico Mi Xiaomi M365 Scooter negro hasta 25 Km/h plegable,552.816,521.9644000000001,349.0,44982.60999999999,306.66630000000004,398.62780000000004,398.45329999999996
"TV 49"" LG 49UK6200 UHD 4K Smart TV",633.58416,598.225044,399.99,51554.71109999999,351.47121300000003,456.86857800000007,456.668583
Radiador Calefactor Calentador Convector El√©ctrico Estufa 1000W Aleman Negro,142.54416,134.589044,89.99,11598.811099999999,79.074213,102.786578,102.74158299999999
"NUEVO Samsung Galaxy Note 9 (SM-N960F/DS) 6.4"" 128GB LTE Desbloqueado AZUL",1045.42416,987.081044,659.99,85066.1111,579.933213,753.840578,753.510583
Jack&Jones Hombre Sudadera Invierno Chaqueta 20827,31.66416,29.897043999999998,19.99,2576.5110999999997,17.565213,22.832578,22.822582999999998
Samsung Galaxy J4+ Negro Libre Nuevo 2 A√±os de Garant√≠a,237.58416000000003,224.32504400000002,149.99,19332.2111,131.79621300000002,171.31857800000003,171.243583
Carro para herramientas PRO armario acero 4 ruedas 10 cajones -Greencut,125.13600000000001,118.1524,79.0,10182.31,69.4173,90.2338,90.1943
Robot aspirador iRobot Roomba 612,269.26416,254.23704400000003,169.99,21910.0111,149.370213,194.16257800000002,194.077583
PORTATIL ACER PREDATOR HELIOS 300 PH315-51-53MZ i5-8300H 8GB NVIDIA GTX 1060 W10,1424.016,1344.5444,899.0,115872.10999999999,789.9513000000001,1026.8378,1026.3882999999998
Chaqueta escote redondeado cerrado por bot√≥n mujer by VencaStyle - 134214,15.824160000000001,14.941044000000002,9.99,1287.6110999999999,8.778213000000001,11.410578000000001,11.405583
Dyson V8 Absolute Aspirador Inal√°mbrico,570.2241600000001,538.4010440000001,359.99,46399.111099999995,316.323213,411.180578,411.000583
RED DEAD REDEMPTION 2 PS4 JUEGO F√çSICO PARA PLAYSTATION 4 DE ROCKSTAR GAMES,93.3768,88.16562,58.95,7598.0655,51.799365,67.33269000000001,67.303215
NUEVO APPLE IPAD 32GB 9.7 INCH WI-FI 2018 VER TABLET PLATA SILVER,443.50416,418.75304400000005,279.99,36087.9111,246.02721300000002,319.80457800000005,319.664583
TV LED Smart Tv 43'' TELEFUNKEN UHD,443.50416,418.75304400000005,279.99,36087.9111,246.02721300000002,319.80457800000005,319.664583
"Port√°til 15,6'' LENOVO V110-15AST AMD E2/4GB RAM/500GB HDD/Sin Sistema operativo",283.536,267.7124,179.0,23071.309999999998,157.28730000000002,204.45380000000003,204.3643
Apple iPhone 7 128GB Negro brillante Libre Nuevo 2 A√±os de Garant√≠a,815.76,770.234,515.0,66378.34999999999,452.5305,588.2330000000001,587.9755
Radiador Calefactor Calentador Convector Temporizador Estufa 1000W Aleman Blanco,142.54416,134.589044,89.99,11598.811099999999,79.074213,102.786578,102.74158299999999
Pack 2 Sillas comedor Gris Rojo Beige Rosa Azul de dise√±o nordico‚Äì McHaus,47.3616,44.71844,29.9,3853.8109999999992,26.27313,34.15178,34.136829999999996
Filamento de la impresora 3D PLA 1.75mm 1kg Por MakerBot varios colores ES,20.57616,19.427844,12.99,1674.2811,11.414313,14.837178000000002,14.830682999999999
Funda para Apple iPhone 8 7 6s 6 Plus Original carcasas de Silicona Duro Genuina,2.1700800000000005,2.048972,1.37,176.5793,1.2038190000000002,1.5648140000000004,1.564129
"Canape abatible GRAN CAPACIDAD, esquinas macizas, 4 v√°lvulas de aireaci√≥n.",205.76160000000002,194.27844000000002,129.9,16742.810999999998,114.14313000000001,148.37178000000003,148.30683
PlayStation Plus Tarjeta 365 D√≠as PSN PS3 4 Vita 12 Meses 1 A√±o Suscripci√≥n - ES,76.01616000000001,71.77384400000001,47.99,6185.4311,42.168813,54.814178000000005,54.790183
Pack 10 Bombillas LED E27 E14 G45 C37 Blanco Fr√≠o Neutro C√°lido,18.9288,17.872419999999998,11.95,1540.2354999999998,10.500465,13.64929,13.643314999999998
Bluetooth 4.1 Auriculares Inal√°mbrico Deportiva Cascos Est√©reo In-Ear Con Mic,16.93296,15.987964,10.69,1377.8340999999998,9.393303,12.210118000000001,12.204773
PUBG Mobile Phone Gaming Trigger Fire Button Handle For L1R1Shooter ControllePDQ,2.59776,2.452784,1.64,211.37959999999995,1.441068,1.873208,1.8723879999999997
T3 Inal√°Mbrico Bluetooth3.0 Gamepad Palanca De Mando para Android Tel√©Fono PC,11.484,10.8431,7.25,934.4524999999999,6.3705750000000005,8.28095,8.277325
NUEVO Samsung Galaxy S9 Plus SM-G965F/DS 128GB LTE Doble SIM Desbloqueado AZUL,918.70416,867.433044,579.99,74754.9111,509.63721300000003,662.4645780000001,662.174583
Black Barred - Botines Axel Hombre/chico Negro Marr√≥n Plano Cordones Casual,47.4408,44.79322,29.95,3860.2554999999993,26.317065,34.208890000000004,34.193915
Original Ultra Funda de Protector Silicona Funda para Apple iPhone X 8/7/6s Plus,6.3201600000000004,5.967444,3.99,514.2710999999999,3.5060130000000003,4.557378000000001,4.555383
CONJUNTO canape abatible + colchon viscoel√°stico Brisa +almohada visco copos,340.56,321.55400000000003,215.0,27711.35,188.9205,245.57300000000004,245.4655
Funda protectora oficial original de Silicona suave para Apple iPhone  6/7/8 + X,7.904160000000001,7.463044000000001,4.99,643.1610999999999,4.3847130000000005,5.699578000000001,5.697083
1~3m USB Cable Tensile Braid Micro Type C Lightning 2A Charge For Samsung S9 S8,1.584,1.4956,1.0,128.89,0.8787,1.1422,1.1417
Magn√©tica metal Vidrio templado funda Carcasa para Samsung S7 S8+ S9 Plus Note 8,3.0096,2.84164,1.9,244.89099999999996,1.66953,2.17018,2.1692299999999998
"Almohada Almohadas de Viscoelastica, Visco Gel Grafeno Copos Fibra Carbono",14.572799999999999,13.75952,9.2,1185.7879999999998,8.08404,10.50824,10.503639999999999
Hoverseat 10‚Äù universal hoverkart para patinete el√©ctrico smart balance -Fitfiu,31.66416,29.897043999999998,19.99,2576.5110999999997,17.565213,22.832578,22.822582999999998
Canape Abatible Somier Multilaminas ACERO 29cm esquinas de haya canap√© madera,121.968,115.16120000000001,77.0,9924.529999999999,67.65990000000001,87.94940000000001,87.9109
Xiaomi Huami Amazfit Bip Lite Reloj Inteligente - Verde (Ver. Ingl√©s),101.36016000000001,95.703444,63.99,8247.6711,56.228013000000004,73.08937800000001,73.057383
Moderno Hombre CASUAL AJUSTADO MANGA CORTA O cuello Camisetas blusa BONITO,4.81536,4.546624,3.04,391.82559999999995,2.6712480000000003,3.4722880000000003,3.4707679999999996
TV 43'' LG 43UK6200 UltraHD 4k Smart TV HDR10Pro PMI1500 AI ThinQ,538.54416,508.48904400000004,339.99,43821.3111,298.749213,388.33657800000003,388.166583
"Global 6,21'' Xiaomi Mi 8 128GB+6GB Smartphone Snapdragon 845 8Core 4G Cellulare",665.2641600000001,628.1370440000001,419.99,54132.511099999996,369.04521300000005,479.71257800000006,479.50258299999996
Huawei P20 Lite Negro Libre Nuevo 2 A√±os de Garant√≠a,478.368,451.6712,302.0,38924.78,265.36740000000003,344.94440000000003,344.79339999999996
Nike - Zapatillas running Revolution 4 Hombre chico,61.69680000000001,58.253620000000005,38.95,5020.2654999999995,34.225365000000004,44.488690000000005,44.469215
Primavera Verano Hombre Atletismo exterior Senderismo Zapatos Speedcross,59.685120000000005,56.354208,37.68,4856.575199999999,33.109416,43.038096,43.019256
"Pack 4 sillas de comedor, silla dise√±o n√≥rdico con asiento acolchado, Beench",158.32080000000002,149.48522,99.95,12882.555499999999,87.826065,114.16289000000002,114.112915
"Armario zapatero 7 estantes, gran capacidad de espacio para el calzado, Basic",87.0408,82.18322,54.95,7082.505499999999,48.28456500000001,62.76389000000001,62.736415
Rascador centro de juegos y descanso arbol para gatos de 140cm de altura -Mchaus,63.2016,59.67444,39.9,5142.710999999999,35.06013,45.57378,45.55383
NUEVO APPLE IPAD 32GB 9.7 INCH WI-FI 2018 VER TABLET GRIS ESPACIAL SPACE GRAY,498.96000000000004,471.11400000000003,315.0,40600.35,276.7905,359.793,359.6355
Cargador de Red Carga R√°pida + Cable Micro USB para Samsung Galaxy S5 S6 S7 Edge,1.584,1.4956,1.0,128.89,0.8787,1.1422,1.1417
Xiaomi Redmi 6 Dual Sim 4G 64GB (4GB Ram)(Libre) - Oro,218.592,206.3928,138.0,17786.82,121.26060000000001,157.6236,157.5546
Apple iPhone 7 128GB Plata Libre Nuevo 2 A√±os de Garant√≠a,815.76,770.234,515.0,66378.34999999999,452.5305,588.2330000000001,587.9755
NUEVO HUAWEI HONOR 10 COL-L29 128GB DUAL SIM 4GB RAM SIM LIBRE AZUL PHANTOM BLUE,522.70416,493.533044,329.99,42532.4111,289.962213,376.91457800000006,376.749583
"TV 50"" Samsung UE50NU7092 UHD 4K Smart TV",758.7201600000001,716.3774440000001,478.99,61737.0211,420.88851300000005,547.102378,546.862883
"Tv televisor television 20"" negra LED TDT HD PVR 12V / 220V",158.32080000000002,149.48522,99.95,12882.555499999999,87.826065,114.16289000000002,114.112915
TV 49'' Samsung UE49NU7105 LED UltraHD 4K Smart TV,752.3841600000001,710.395044,474.99,61221.46109999999,417.373713,542.533578,542.296083
"HITACHI 43HK6000 Tv Led 43"" UHD 4K Smart Tv 1200Hz",552.816,521.9644000000001,349.0,44982.60999999999,306.66630000000004,398.62780000000004,398.45329999999996
"Mesa de comedor sal√≥n, extensible mesa de cocina, mueble salon, Blanco y Roble",229.68,216.862,145.0,18689.05,127.4115,165.61900000000003,165.54649999999998
Silla Gaming Oficina Racing Sillon gamer Despacho Profesional Videojuegos PC nue,190.06416,179.457044,119.99,15465.511099999998,105.435213,137.052578,136.992583
"Silla gaming, sillon oficina o despacho, estudio o escritorio, modelo Gamer DRW",110.80080000000001,104.61722,69.95,9015.8555,61.465065,79.89689000000001,79.861915
"Pack 6 sillas de comedor modernas silla cocina dise√±o en Blanco, Negro y Gris",158.32080000000002,149.48522,99.95,12882.555499999999,87.826065,114.16289000000002,114.112915
Cafetera Cecotec Power Espresso 20 bares y 850W,102.94416,97.199044,64.99,8376.561099999999,57.106713,74.231578,74.19908299999999
Smart Xiaomi MI Robot Aspiradora Limpiador 5200mAh 1800pa 0.42L Vacuum Cleaner,421.32816,397.81464400000004,265.99,34283.4511,233.72541300000003,303.813778,303.680783
FREIDORA SIN ACEITE IMOTO CON SELECTOR DE TIEMPO/TEMPERATURA ENVIO 24/48 HORAS,88.62480000000001,83.67882,55.95,7211.3955,49.163265,63.906090000000006,63.878115
ILIFE V7s PLUS Robot Aspiradora Limpieza del Hogar AutoCarga Dep√≥sito Agua,221.74416000000002,209.36904400000003,139.99,18043.3111,123.00921300000002,159.89657800000003,159.826583
DIABLO 3 REAPER OF SOULS ULTIMATE EVIL EDITION PS4 JUEGO F√çSICO PLAYSTATION 4,41.8968,39.55862,26.45,3409.1404999999995,23.241615,30.211190000000002,30.197964999999996
PS3 Mando de Juego USB para Ordenador PC Vibraci√≥n Gamepad Videojuegos - Blanco,13.19472,12.458348,8.33,1073.6536999999998,7.319571000000001,9.514526000000002,9.510361
GOD OF WAR 3 REMASTERIZADO PS4 VIDEOJUEGO F√çSICO PLAYSTATION 4 PHYSICAL GAME,37.9368,35.81962,23.95,3086.9154999999996,21.044865,27.355690000000003,27.343714999999996
THE ORDER 1886 PS4 VIDEOJUEGO F√çSICO PARA PLAYSTATION 4 DE READY AT DAWN,37.9368,35.81962,23.95,3086.9154999999996,21.044865,27.355690000000003,27.343714999999996
F. n√≥rdica + f. almohada estampado en tejido 50% algod√≥n hogar by Venc - 001204,28.49616,26.905844,17.99,2318.7310999999995,15.807813,20.548178,20.539182999999998
Colcha reversible en tejido jacquard acolchado de gran calidad hogar b - 009859,41.16816,38.870644,25.99,3349.8510999999994,22.837412999999998,29.685778000000003,29.672782999999995
"Campo Viejo Tempranillo, Vino Tinto Joven, Rioja, Espa√±a (Caja de 6)",63.2016,59.67444,39.9,5142.710999999999,35.06013,45.57378,45.55383
San Jamon 6 x 100g Jam√≥n Ib√©rico Loncheado,77.616,73.2844,49.0,6315.61,43.0563,55.967800000000004,55.943299999999994
"Mitarte Vino Tinto Crianza, Rioja, Espa√±a (Caja de 6)",79.0416,74.63044,49.9,6431.610999999999,43.84713,56.99578,56.97082999999999
"Don Frutos Vino Blanco, Vino de Castilla y Le√≥n, Espa√±a (Caja de 6)",50.688,47.8592,32.0,4124.48,28.1184,36.5504,36.5344
Juego de 4 cuchillos de ceramica San Ignacio ligeros y siempre afilados,50.5296,47.70964,31.9,4111.590999999999,28.03053,36.43618,36.42023
Olla presi√≥n super r√°pida 6 litros Magefesa Nova. Ollas de cocina,235.84176,222.679884,148.89,19190.432099999995,130.829643,170.062158,169.98771299999999
Juego 3 sartenes antiadherente piedra induccion 20-24-28 libre PFOA Magefesa K2,47.3616,44.71844,29.9,3853.8109999999992,26.27313,34.15178,34.136829999999996
Juego 3 sartenes antiadherente induccion 18-20-24 granito piedra libre PFOA,56.8656,53.69204,35.9,4627.150999999999,31.54533,41.00498,40.98703
NUEVO Nikon D5600 Digital SLR Camera + AF-P DX Nikkor 18-55mm f/3.5-5.6G VR,681.1041600000001,643.0930440000001,429.99,55421.4111,377.832213,491.13457800000003,490.919583
NUEVO Tokina AT-X 11-16mm F2.8 Pro DX II Lens for Nikon,551.232,520.4688,348.0,44853.719999999994,305.7876,397.48560000000003,397.3116
NUEVO Sony Alpha a7R II Mirrorless Digital Camera Body Only a7R Mark 2,2216.016,2092.3444,1399.0,180317.11,1229.3013,1597.9378000000002,1597.2383
NUEVO Sony FE 16-35mm f/2.8 GM Full Frame E-Mount Lens (SEL1635GM),2928.8160000000003,2765.3644,1849.0,238317.61,1624.7163,2111.9278000000004,2111.0033
NUEVA Xiaomi Mi Band 3 Miband 3 PULSERA INTELIGENTE ENVIO DESDE ESPA√ëA EN 3 DIAS,44.33616,41.861844,27.99,3607.6310999999996,24.594813,31.970178,31.956182999999996
Lemfo Bluetooth IP67 Impermeable Pod√≥metro Reloj Inteligente Para Android iOS,25.32816,23.914644000000003,15.99,2060.9510999999998,14.050413,18.263778000000002,18.255783
LEMFO New DZ09 Bluetooth Reloj Inteligente Con Camera Para Android Xiaomi Huawei,19.30896,18.231364,12.19,1571.1690999999998,10.711353,13.923418,13.917322999999998
Samsung Gear Fit2 Pro R365 Grande - Negro,178.99200000000002,169.0028,113.0,14564.569999999998,99.29310000000001,129.0686,129.0121
Vero Moda Mujer Cazadora chaqueta larga 20694,47.50416,44.853044,29.99,3865.4110999999994,26.352213,34.254578,34.239582999999996
Mustang - Botines Fuse Mujer chica,31.6008,29.83722,19.95,2571.3554999999997,17.530065,22.78689,22.776915
Cazadora cremallera inclinada en el delantero y bolsillos mujer by Ven - 133600,38.00016,35.879444,23.99,3092.0710999999997,21.080013,27.401378,27.389382999999995
bolso de la cintura las mujeres Cintura rinonera cuero lujo pecho color negro T7,7.87248,7.433132,4.97,640.5832999999999,4.367139,5.676734000000001,5.674249
Jack&Jones Hombre Sudadera Polar Invierno Chaqueta Cazadora 20759,31.66416,29.897043999999998,19.99,2576.5110999999997,17.565213,22.832578,22.822582999999998
Carrera Jeans - Botines Chukka / Alabama / Tennessee / Panama / Nevada,56.21616000000001,53.078844000000004,35.49,4574.3061,31.185063000000003,40.53667800000001,40.518933
Chaqueta hombre TWIG Ultralight Urban Jacket L267 abrigo acolchado capucha,55.42416000000001,52.331044000000006,34.99,4509.8611,30.745713000000002,39.96557800000001,39.948083
Jersey con la garant√≠a de jack & jones hombre - 017681,36.41616,34.383843999999996,22.99,2963.1810999999993,20.201313,26.259178000000002,26.247683
MANTA ELECTRICA CALEFACTORA TERMICA LAVABLE REGULADOR NIVELES TEMPERATURA CALOR,55.42416000000001,52.331044000000006,34.99,4509.8611,30.745713000000002,39.96557800000001,39.948083
Radiador Calefactor Calentador Convector El√©ctrico Estufa 2000W 30m¬≤ Blanco,158.38416,149.545044,99.99,12887.711099999999,87.86121299999999,114.208578,114.158583
Calefacci√≥n Vertical Radiador El√©ctrico Port√°til Columna Estufa Calefactor Calor,205.90416000000002,194.413044,129.99,16754.4111,114.22221300000001,148.47457800000004,148.409583
Calefactor El√©ctrico Calefacci√≥n Inteligente Radiador Estufa Hornillo Ba√±o Calor,190.06416,179.457044,119.99,15465.511099999998,105.435213,137.052578,136.992583
Elevador hidraulico de motos 450kg de tijera con bomba de aire y rampa -Greencut,552.816,521.9644000000001,349.0,44982.60999999999,306.66630000000004,398.62780000000004,398.45329999999996
üåüIP Camera Xiaomi Mijia Dafang Wifi Full HD 1080p Motorizzata Microfono SD USB,47.50416,44.853044,29.99,3865.4110999999994,26.352213,34.254578,34.239582999999996
Cargador autom√°tico de bater√≠as multifunci√≥n 12V/24V 230A-GREENCUT,158.2416,149.41044000000002,99.9,12876.110999999999,87.78213000000001,114.10578000000001,114.05583
Carro de mano plegable sube escaleras carretilla aluminio 6 ruedas 60kg‚ÄìGREENCUT,58.449600000000004,55.18764,36.9,4756.040999999999,32.42403,42.14718,42.12873
Cortacesped de gasolina autopropulsado 165cc arranque electrico 48cm -GREENCUT,378.576,357.4484,239.0,30804.709999999995,210.0093,272.98580000000004,272.86629999999997
Cortasetos de gasolina motor 26cc cuchilla 60cm manillar giratorio -GREENCUT,188.496,177.9764,119.0,15337.909999999998,104.56530000000001,135.92180000000002,135.8623
"Cortacesped autopropulsado 50,4cm motor 218cc 7.5cv 4-1 mulching - GREENCUT",457.776,432.2284,289.0,37249.21,253.9443,330.09580000000005,329.9513
Nueva motosierra de bateria litio 40V espada 14‚Äù Oregon -GREENCUT,142.4016,134.45444,89.9,11587.211,78.99513,102.68378000000001,102.63883
Cinta de correr plegable 2200w max. 18 km/h con inclinacion automatica ‚ÄìFITFIU,632.0160000000001,596.7444,399.0,51427.10999999999,350.60130000000004,455.73780000000005,455.5383
Bicicleta eliptica estatica cross trainer con pantalla LCD y pulsometro -FITFIU,158.2416,149.41044000000002,99.9,12876.110999999999,87.78213000000001,114.10578000000001,114.05583
"Barra dominada ejercicio para puerta, talla √∫nica color negro- FITFIU",23.6016,22.28444,14.9,1920.4609999999998,13.092630000000002,17.018780000000003,17.01133
Stepper Fitfiu Step Fitness Aerobic Stepper Home AST-1000 Fitfiu,28.3536,26.77124,17.9,2307.1309999999994,15.728729999999999,20.44538,20.436429999999998
Go Kart Karts Coches de Pedales para Ni√±os 3 a 8 a√±os Normativa EN 71 con Freno,99.77616,94.20784400000001,62.99,8118.781099999999,55.349313,71.94717800000001,71.915683
Patinete El√©ctrico Scooter Plegable con Asiento Ajustable Carga 70Kg 4 Colores,136.20816,128.606644,85.99,11083.251099999998,75.55941299999999,98.21777800000001,98.17478299999999
ASIENTO PARA MONOPATIN BALANCE HOVERKART HOVERBOARD PATINETE ELECTRICO COLORES,52.192800000000005,49.28002000000001,32.95,4246.9255,28.953165000000002,37.635490000000004,37.619015000000005
Bascula de Ba√±o Digital Cuadrada Transparente Cristal Precision 180 Kg B√°scula,14.240160000000001,13.445444,8.99,1158.7211,7.899513000000001,10.268378000000002,10.263883
GHD Plancha de pelo Gold Styler,213.82416000000003,201.89104400000002,134.99,17398.8611,118.61571300000001,154.18557800000002,154.118083
"Rowenta - Cortapelos Wet&Dry-Especial para cabello, barba y cuerpo- Hombre chico",53.76096,50.760664,33.94,4374.526599999999,29.823078,38.766268000000004,38.749297999999996
B√°scula de Ba√±o Digital Dise√±o Cristal Templado Negra 150kg Bascula,18.992160000000002,17.932244,11.99,1545.3910999999998,10.535613000000001,13.694978,13.688983
Nuevo X96 Smart TV BOX caja Android 7.1 Quad Core 4K WIFI HDMI Media Player,44.33616,41.861844,27.99,3607.6310999999996,24.594813,31.970178,31.956182999999996
Altavoz Marshall Stockwell Bluetooth Negro,205.90416000000002,194.413044,129.99,16754.4111,114.22221300000001,148.47457800000004,148.409583
Xiaomi Mi Bluetooth Speaker Square Box 2 Stereo Portable HD Sound Play Music,41.16816,38.870644,25.99,3349.8510999999994,22.837412999999998,29.685778000000003,29.672782999999995
Mpow Thor Auriculares Bluetooth Est√©reo Inal√°mbricos Plegables Con Orejeras Mic,9.44064,8.913776,5.96,768.1843999999999,5.237052,6.807512000000001,6.804532
